source,target,divPerc,sp1,sp2,color
GCF_000349005.2_Pneumo_murina_B123_V4_genomic.fna,Pneumocystis_canis_CK.scaffolds.fa,22.3,Pmur,PcanCk1,#A9A9A9
GCF_000349005.2_Pneumo_murina_B123_V4_genomic.fna,PjZ.cns.fa,22.5,Pmur,Pjir,#A9A9A9
GCF_000349005.2_Pneumo_murina_B123_V4_genomic.fna,Pmacuc86.cns.fa,22.8,Pmur,Pmac,#A9A9A9
GCF_000349005.2_Pneumo_murina_B123_V4_genomic.fna,GCF_000349005.2_Pneumo_murina_B123_V4_genomic.fna,0,Pmur,Pmur,#A9A9A9
GCF_000349005.2_Pneumo_murina_B123_V4_genomic.fna,Pneumocystis_macacae_NIAID.scaffolds.fa,22.6,Pmur,Pmac,#A9A9A9
GCF_000349005.2_Pneumo_murina_B123_V4_genomic.fna,Pneumocystis_oryctolagi_MERGE.scaffolds.fa,22.6,Pmur,Pory,#A9A9A9
GCF_000349005.2_Pneumo_murina_B123_V4_genomic.fna,PjW.cns.fa,22.4,Pmur,Pjir,#A9A9A9
GCF_000349005.2_Pneumo_murina_B123_V4_genomic.fna,Pneumocystis_jirovecii_StrE2178.fasta,22.3,Pmur,Pjir,#A9A9A9
GCF_000349005.2_Pneumo_murina_B123_V4_genomic.fna,Pj54c.cns.fa,22.4,Pmur,Pjir,#A9A9A9
GCF_000349005.2_Pneumo_murina_B123_V4_genomic.fna,Pj55.cns.fa,22.4,Pmur,Pjir,#A9A9A9
GCF_000349005.2_Pneumo_murina_B123_V4_genomic.fna,PmacER17.cns.fa,22.8,Pmur,Pmac,#A9A9A9
GCF_000349005.2_Pneumo_murina_B123_V4_genomic.fna,GCF_001477545.1_Pneu_cari_B80_V3_genomic.fna,12.4,Pmur,Pcar,#A9A9A9
GCF_000349005.2_Pneumo_murina_B123_V4_genomic.fna,Pneumocystis_wakefieldiae_MERGE.scaffolds.fa,11.9,Pmur,Pwk,#A9A9A9
GCF_000349005.2_Pneumo_murina_B123_V4_genomic.fna,Pj46.cns.fa,22.4,Pmur,Pjir,#A9A9A9
GCF_000349005.2_Pneumo_murina_B123_V4_genomic.fna,Pneumocystis_canis_AUS.scaffolds.fa,22.3,Pmur,PcanA,#A9A9A9
GCF_000349005.2_Pneumo_murina_B123_V4_genomic.fna,GCF_001477535.1_Pneu_jiro_RU7_V2_genomic.fna,22.4,Pmur,Pjir,#A9A9A9
GCF_000349005.2_Pneumo_murina_B123_V4_genomic.fna,PmacCj36.cns.fa,23.2,Pmur,Pmac,#A9A9A9
GCF_000349005.2_Pneumo_murina_B123_V4_genomic.fna,Pdg_scaffolds.cl6.alterv2_1kremoved_cl1_trim.fasta,21.2,Pmur,PcanCk2,#A9A9A9
GCF_000349005.2_Pneumo_murina_B123_V4_genomic.fna,Pmacgl92.cns.fa,22.9,Pmur,Pmac,#A9A9A9
GCF_000349005.2_Pneumo_murina_B123_V4_genomic.fna,Pj_SE8_assembly.fasta,22.2,Pmur,Pjir,#A9A9A9
GCF_001477535.1_Pneu_jiro_RU7_V2_genomic.fna,Pj46.cns.fa,0.1,Pjir,Pjir,#A9A9A9
GCF_001477535.1_Pneu_jiro_RU7_V2_genomic.fna,GCF_001477535.1_Pneu_jiro_RU7_V2_genomic.fna,0,Pjir,Pjir,#A9A9A9
GCF_001477535.1_Pneu_jiro_RU7_V2_genomic.fna,Pneumocystis_canis_CK.scaffolds.fa,21.3,Pjir,PcanCk1,#A9A9A9
GCF_001477535.1_Pneu_jiro_RU7_V2_genomic.fna,GCF_001477545.1_Pneu_cari_B80_V3_genomic.fna,22.7,Pjir,Pcar,#A9A9A9
GCF_001477535.1_Pneu_jiro_RU7_V2_genomic.fna,PjZ.cns.fa,0.3,Pjir,Pjir,#A9A9A9
GCF_001477535.1_Pneu_jiro_RU7_V2_genomic.fna,GCF_000349005.2_Pneumo_murina_B123_V4_genomic.fna,22.4,Pjir,Pmur,#A9A9A9
GCF_001477535.1_Pneu_jiro_RU7_V2_genomic.fna,PmacER17.cns.fa,16,Pjir,Pmac,#A9A9A9
GCF_001477535.1_Pneu_jiro_RU7_V2_genomic.fna,Pneumocystis_wakefieldiae_MERGE.scaffolds.fa,22.9,Pjir,Pwk,#A9A9A9
GCF_001477535.1_Pneu_jiro_RU7_V2_genomic.fna,Pj_SE8_assembly.fasta,0.2,Pjir,Pjir,#A9A9A9
GCF_001477535.1_Pneu_jiro_RU7_V2_genomic.fna,Pdg_scaffolds.cl6.alterv2_1kremoved_cl1_trim.fasta,20.7,Pjir,PcanCk2,#A9A9A9
GCF_001477535.1_Pneu_jiro_RU7_V2_genomic.fna,PmacCj36.cns.fa,16.5,Pjir,Pmac,#A9A9A9
GCF_001477535.1_Pneu_jiro_RU7_V2_genomic.fna,Pneumocystis_canis_AUS.scaffolds.fa,21.3,Pjir,PcanA,#A9A9A9
GCF_001477535.1_Pneu_jiro_RU7_V2_genomic.fna,Pmacuc86.cns.fa,16.1,Pjir,Pmac,#A9A9A9
GCF_001477535.1_Pneu_jiro_RU7_V2_genomic.fna,Pneumocystis_macacae_NIAID.scaffolds.fa,15.8,Pjir,Pmac,#A9A9A9
GCF_001477535.1_Pneu_jiro_RU7_V2_genomic.fna,Pneumocystis_jirovecii_StrE2178.fasta,0.8,Pjir,Pjir,#A9A9A9
GCF_001477535.1_Pneu_jiro_RU7_V2_genomic.fna,PjW.cns.fa,0.3,Pjir,Pjir,#A9A9A9
GCF_001477535.1_Pneu_jiro_RU7_V2_genomic.fna,Pj54c.cns.fa,0.1,Pjir,Pjir,#A9A9A9
GCF_001477535.1_Pneu_jiro_RU7_V2_genomic.fna,Pneumocystis_oryctolagi_MERGE.scaffolds.fa,20.5,Pjir,Pory,#A9A9A9
GCF_001477535.1_Pneu_jiro_RU7_V2_genomic.fna,Pmacgl92.cns.fa,16.1,Pjir,Pmac,#A9A9A9
GCF_001477535.1_Pneu_jiro_RU7_V2_genomic.fna,Pj55.cns.fa,0.2,Pjir,Pjir,#A9A9A9
GCF_001477545.1_Pneu_cari_B80_V3_genomic.fna,Pneumocystis_jirovecii_StrE2178.fasta,22.6,Pcar,Pjir,#A9A9A9
GCF_001477545.1_Pneu_cari_B80_V3_genomic.fna,Pneumocystis_macacae_NIAID.scaffolds.fa,22.9,Pcar,Pmac,#A9A9A9
GCF_001477545.1_Pneu_cari_B80_V3_genomic.fna,Pj46.cns.fa,22.7,Pcar,Pjir,#A9A9A9
GCF_001477545.1_Pneu_cari_B80_V3_genomic.fna,Pneumocystis_oryctolagi_MERGE.scaffolds.fa,22.9,Pcar,Pory,#A9A9A9
GCF_001477545.1_Pneu_cari_B80_V3_genomic.fna,GCF_001477545.1_Pneu_cari_B80_V3_genomic.fna,0,Pcar,Pcar,#A9A9A9
GCF_001477545.1_Pneu_cari_B80_V3_genomic.fna,PjW.cns.fa,22.7,Pcar,Pjir,#A9A9A9
GCF_001477545.1_Pneu_cari_B80_V3_genomic.fna,GCF_000349005.2_Pneumo_murina_B123_V4_genomic.fna,12.1,Pcar,Pmur,#A9A9A9
GCF_001477545.1_Pneu_cari_B80_V3_genomic.fna,GCF_001477535.1_Pneu_jiro_RU7_V2_genomic.fna,22.7,Pcar,Pjir,#A9A9A9
GCF_001477545.1_Pneu_cari_B80_V3_genomic.fna,PmacCj36.cns.fa,23.5,Pcar,Pmac,#A9A9A9
GCF_001477545.1_Pneu_cari_B80_V3_genomic.fna,PmacER17.cns.fa,23,Pcar,Pmac,#A9A9A9
GCF_001477545.1_Pneu_cari_B80_V3_genomic.fna,Pj_SE8_assembly.fasta,22.5,Pcar,Pjir,#A9A9A9
GCF_001477545.1_Pneu_cari_B80_V3_genomic.fna,Pj54c.cns.fa,22.7,Pcar,Pjir,#A9A9A9
GCF_001477545.1_Pneu_cari_B80_V3_genomic.fna,Pmacuc86.cns.fa,23.1,Pcar,Pmac,#A9A9A9
GCF_001477545.1_Pneu_cari_B80_V3_genomic.fna,PjZ.cns.fa,22.7,Pcar,Pjir,#A9A9A9
GCF_001477545.1_Pneu_cari_B80_V3_genomic.fna,Pdg_scaffolds.cl6.alterv2_1kremoved_cl1_trim.fasta,21.2,Pcar,PcanCk2,#A9A9A9
GCF_001477545.1_Pneu_cari_B80_V3_genomic.fna,Pmacgl92.cns.fa,23.1,Pcar,Pmac,#A9A9A9
GCF_001477545.1_Pneu_cari_B80_V3_genomic.fna,Pneumocystis_wakefieldiae_MERGE.scaffolds.fa,14.9,Pcar,Pwk,#A9A9A9
GCF_001477545.1_Pneu_cari_B80_V3_genomic.fna,Pneumocystis_canis_CK.scaffolds.fa,22.6,Pcar,PcanCk1,#A9A9A9
GCF_001477545.1_Pneu_cari_B80_V3_genomic.fna,Pneumocystis_canis_AUS.scaffolds.fa,22.6,Pcar,PcanA,#A9A9A9
GCF_001477545.1_Pneu_cari_B80_V3_genomic.fna,Pj55.cns.fa,22.7,Pcar,Pjir,#A9A9A9
Pdg_scaffolds.cl6.alterv2_1kremoved_cl1_trim.fasta,Pmacgl92.cns.fa,21,PcanCk2,Pmac,#A9A9A9
Pdg_scaffolds.cl6.alterv2_1kremoved_cl1_trim.fasta,Pneumocystis_canis_CK.scaffolds.fa,15.6,PcanCk2,PcanCk1,#A9A9A9
Pdg_scaffolds.cl6.alterv2_1kremoved_cl1_trim.fasta,Pmacuc86.cns.fa,21,PcanCk2,Pmac,#A9A9A9
Pdg_scaffolds.cl6.alterv2_1kremoved_cl1_trim.fasta,Pj_SE8_assembly.fasta,20.6,PcanCk2,Pjir,#A9A9A9
Pdg_scaffolds.cl6.alterv2_1kremoved_cl1_trim.fasta,PjZ.cns.fa,20.7,PcanCk2,Pjir,#A9A9A9
Pdg_scaffolds.cl6.alterv2_1kremoved_cl1_trim.fasta,Pneumocystis_wakefieldiae_MERGE.scaffolds.fa,21.3,PcanCk2,Pwk,#A9A9A9
Pdg_scaffolds.cl6.alterv2_1kremoved_cl1_trim.fasta,GCF_001477545.1_Pneu_cari_B80_V3_genomic.fna,21.2,PcanCk2,Pcar,#A9A9A9
Pdg_scaffolds.cl6.alterv2_1kremoved_cl1_trim.fasta,Pj55.cns.fa,20.7,PcanCk2,Pjir,#A9A9A9
Pdg_scaffolds.cl6.alterv2_1kremoved_cl1_trim.fasta,Pneumocystis_macacae_NIAID.scaffolds.fa,20.7,PcanCk2,Pmac,#A9A9A9
Pdg_scaffolds.cl6.alterv2_1kremoved_cl1_trim.fasta,GCF_000349005.2_Pneumo_murina_B123_V4_genomic.fna,21.1,PcanCk2,Pmur,#A9A9A9
Pdg_scaffolds.cl6.alterv2_1kremoved_cl1_trim.fasta,Pdg_scaffolds.cl6.alterv2_1kremoved_cl1_trim.fasta,3.1,PcanCk2,PcanCk2,#A9A9A9
Pdg_scaffolds.cl6.alterv2_1kremoved_cl1_trim.fasta,GCF_001477535.1_Pneu_jiro_RU7_V2_genomic.fna,20.7,PcanCk2,Pjir,#A9A9A9
Pdg_scaffolds.cl6.alterv2_1kremoved_cl1_trim.fasta,Pneumocystis_oryctolagi_MERGE.scaffolds.fa,20.9,PcanCk2,Pory,#A9A9A9
Pdg_scaffolds.cl6.alterv2_1kremoved_cl1_trim.fasta,PjW.cns.fa,20.7,PcanCk2,Pjir,#A9A9A9
Pdg_scaffolds.cl6.alterv2_1kremoved_cl1_trim.fasta,PmacCj36.cns.fa,21.3,PcanCk2,Pmac,#A9A9A9
Pdg_scaffolds.cl6.alterv2_1kremoved_cl1_trim.fasta,Pj46.cns.fa,20.7,PcanCk2,Pjir,#A9A9A9
Pdg_scaffolds.cl6.alterv2_1kremoved_cl1_trim.fasta,Pneumocystis_canis_AUS.scaffolds.fa,15.7,PcanCk2,PcanA,#A9A9A9
Pdg_scaffolds.cl6.alterv2_1kremoved_cl1_trim.fasta,PmacER17.cns.fa,21,PcanCk2,Pmac,#A9A9A9
Pdg_scaffolds.cl6.alterv2_1kremoved_cl1_trim.fasta,Pj54c.cns.fa,20.7,PcanCk2,Pjir,#A9A9A9
Pdg_scaffolds.cl6.alterv2_1kremoved_cl1_trim.fasta,Pneumocystis_jirovecii_StrE2178.fasta,20.7,PcanCk2,Pjir,#A9A9A9
Pj_SE8_assembly.fasta,PmacER17.cns.fa,15.4,Pjir,Pmac,#A9A9A9
Pj_SE8_assembly.fasta,Pmacgl92.cns.fa,15.5,Pjir,Pmac,#A9A9A9
Pj_SE8_assembly.fasta,GCF_001477535.1_Pneu_jiro_RU7_V2_genomic.fna,0.4,Pjir,Pjir,#A9A9A9
Pj_SE8_assembly.fasta,PmacCj36.cns.fa,15.9,Pjir,Pmac,#A9A9A9
Pj_SE8_assembly.fasta,Pj54c.cns.fa,0.4,Pjir,Pjir,#A9A9A9
Pj_SE8_assembly.fasta,GCF_000349005.2_Pneumo_murina_B123_V4_genomic.fna,22.3,Pjir,Pmur,#A9A9A9
Pj_SE8_assembly.fasta,Pdg_scaffolds.cl6.alterv2_1kremoved_cl1_trim.fasta,20.7,Pjir,PcanCk2,#A9A9A9
Pj_SE8_assembly.fasta,PjW.cns.fa,0.4,Pjir,Pjir,#A9A9A9
Pj_SE8_assembly.fasta,Pmacuc86.cns.fa,15.4,Pjir,Pmac,#A9A9A9
Pj_SE8_assembly.fasta,Pj46.cns.fa,0.4,Pjir,Pjir,#A9A9A9
Pj_SE8_assembly.fasta,GCF_001477545.1_Pneu_cari_B80_V3_genomic.fna,22.6,Pjir,Pcar,#A9A9A9
Pj_SE8_assembly.fasta,Pneumocystis_canis_AUS.scaffolds.fa,21.2,Pjir,PcanA,#A9A9A9
Pj_SE8_assembly.fasta,PjZ.cns.fa,0.4,Pjir,Pjir,#A9A9A9
Pj_SE8_assembly.fasta,Pneumocystis_oryctolagi_MERGE.scaffolds.fa,20.5,Pjir,Pory,#A9A9A9
Pj_SE8_assembly.fasta,Pneumocystis_macacae_NIAID.scaffolds.fa,15.1,Pjir,Pmac,#A9A9A9
Pj_SE8_assembly.fasta,Pneumocystis_jirovecii_StrE2178.fasta,0.5,Pjir,Pjir,#A9A9A9
Pj_SE8_assembly.fasta,Pneumocystis_wakefieldiae_MERGE.scaffolds.fa,22.8,Pjir,Pwk,#A9A9A9
Pj_SE8_assembly.fasta,Pj55.cns.fa,0.4,Pjir,Pjir,#A9A9A9
Pj_SE8_assembly.fasta,Pneumocystis_canis_CK.scaffolds.fa,21.2,Pjir,PcanCk1,#A9A9A9
Pj_SE8_assembly.fasta,Pj_SE8_assembly.fasta,0,Pjir,Pjir,#A9A9A9
Pj46.cns.fa,GCF_001477545.1_Pneu_cari_B80_V3_genomic.fna,22.7,Pjir,Pcar,#A9A9A9
Pj46.cns.fa,Pneumocystis_macacae_NIAID.scaffolds.fa,15.8,Pjir,Pmac,#A9A9A9
Pj46.cns.fa,Pneumocystis_jirovecii_StrE2178.fasta,0.8,Pjir,Pjir,#A9A9A9
Pj46.cns.fa,Pj_SE8_assembly.fasta,0.2,Pjir,Pjir,#A9A9A9
Pj46.cns.fa,Pneumocystis_wakefieldiae_MERGE.scaffolds.fa,22.9,Pjir,Pwk,#A9A9A9
Pj46.cns.fa,Pmacgl92.cns.fa,16.2,Pjir,Pmac,#A9A9A9
Pj46.cns.fa,Pneumocystis_canis_CK.scaffolds.fa,21.3,Pjir,PcanCk1,#A9A9A9
Pj46.cns.fa,Pdg_scaffolds.cl6.alterv2_1kremoved_cl1_trim.fasta,20.7,Pjir,PcanCk2,#A9A9A9
Pj46.cns.fa,Pneumocystis_canis_AUS.scaffolds.fa,21.3,Pjir,PcanA,#A9A9A9
Pj46.cns.fa,Pneumocystis_oryctolagi_MERGE.scaffolds.fa,20.6,Pjir,Pory,#A9A9A9
Pj46.cns.fa,PmacCj36.cns.fa,16.6,Pjir,Pmac,#A9A9A9
Pj46.cns.fa,GCF_000349005.2_Pneumo_murina_B123_V4_genomic.fna,22.4,Pjir,Pmur,#A9A9A9
Pj46.cns.fa,Pj55.cns.fa,0.2,Pjir,Pjir,#A9A9A9
Pj46.cns.fa,PmacER17.cns.fa,16,Pjir,Pmac,#A9A9A9
Pj46.cns.fa,PjW.cns.fa,0.3,Pjir,Pjir,#A9A9A9
Pj46.cns.fa,Pmacuc86.cns.fa,16.1,Pjir,Pmac,#A9A9A9
Pj46.cns.fa,PjZ.cns.fa,0.3,Pjir,Pjir,#A9A9A9
Pj46.cns.fa,Pj54c.cns.fa,0.1,Pjir,Pjir,#A9A9A9
Pj46.cns.fa,Pj46.cns.fa,0,Pjir,Pjir,#A9A9A9
Pj46.cns.fa,GCF_001477535.1_Pneu_jiro_RU7_V2_genomic.fna,0.1,Pjir,Pjir,#A9A9A9
Pj54c.cns.fa,PmacCj36.cns.fa,16.5,Pjir,Pmac,#A9A9A9
Pj54c.cns.fa,PjZ.cns.fa,0.3,Pjir,Pjir,#A9A9A9
Pj54c.cns.fa,Pneumocystis_canis_CK.scaffolds.fa,21.3,Pjir,PcanCk1,#A9A9A9
Pj54c.cns.fa,Pj54c.cns.fa,0,Pjir,Pjir,#A9A9A9
Pj54c.cns.fa,Pj55.cns.fa,0.2,Pjir,Pjir,#A9A9A9
Pj54c.cns.fa,Pj46.cns.fa,0.1,Pjir,Pjir,#A9A9A9
Pj54c.cns.fa,PmacER17.cns.fa,16,Pjir,Pmac,#A9A9A9
Pj54c.cns.fa,GCF_000349005.2_Pneumo_murina_B123_V4_genomic.fna,22.4,Pjir,Pmur,#A9A9A9
Pj54c.cns.fa,Pmacuc86.cns.fa,16.1,Pjir,Pmac,#A9A9A9
Pj54c.cns.fa,GCF_001477535.1_Pneu_jiro_RU7_V2_genomic.fna,0.1,Pjir,Pjir,#A9A9A9
Pj54c.cns.fa,Pneumocystis_jirovecii_StrE2178.fasta,0.8,Pjir,Pjir,#A9A9A9
Pj54c.cns.fa,Pdg_scaffolds.cl6.alterv2_1kremoved_cl1_trim.fasta,20.7,Pjir,PcanCk2,#A9A9A9
Pj54c.cns.fa,Pmacgl92.cns.fa,16.2,Pjir,Pmac,#A9A9A9
Pj54c.cns.fa,PjW.cns.fa,0.3,Pjir,Pjir,#A9A9A9
Pj54c.cns.fa,Pneumocystis_canis_AUS.scaffolds.fa,21.3,Pjir,PcanA,#A9A9A9
Pj54c.cns.fa,Pneumocystis_oryctolagi_MERGE.scaffolds.fa,20.6,Pjir,Pory,#A9A9A9
Pj54c.cns.fa,Pj_SE8_assembly.fasta,0.2,Pjir,Pjir,#A9A9A9
Pj54c.cns.fa,Pneumocystis_macacae_NIAID.scaffolds.fa,15.8,Pjir,Pmac,#A9A9A9
Pj54c.cns.fa,GCF_001477545.1_Pneu_cari_B80_V3_genomic.fna,22.7,Pjir,Pcar,#A9A9A9
Pj54c.cns.fa,Pneumocystis_wakefieldiae_MERGE.scaffolds.fa,22.9,Pjir,Pwk,#A9A9A9
Pj55.cns.fa,PmacER17.cns.fa,16,Pjir,Pmac,#A9A9A9
Pj55.cns.fa,Pneumocystis_wakefieldiae_MERGE.scaffolds.fa,22.9,Pjir,Pwk,#A9A9A9
Pj55.cns.fa,Pneumocystis_oryctolagi_MERGE.scaffolds.fa,20.5,Pjir,Pory,#A9A9A9
Pj55.cns.fa,Pdg_scaffolds.cl6.alterv2_1kremoved_cl1_trim.fasta,20.7,Pjir,PcanCk2,#A9A9A9
Pj55.cns.fa,PmacCj36.cns.fa,16.5,Pjir,Pmac,#A9A9A9
Pj55.cns.fa,Pj_SE8_assembly.fasta,0.2,Pjir,Pjir,#A9A9A9
Pj55.cns.fa,GCF_001477545.1_Pneu_cari_B80_V3_genomic.fna,22.7,Pjir,Pcar,#A9A9A9
Pj55.cns.fa,Pneumocystis_canis_AUS.scaffolds.fa,21.3,Pjir,PcanA,#A9A9A9
Pj55.cns.fa,Pj55.cns.fa,0,Pjir,Pjir,#A9A9A9
Pj55.cns.fa,Pj46.cns.fa,0.2,Pjir,Pjir,#A9A9A9
Pj55.cns.fa,PjZ.cns.fa,0.3,Pjir,Pjir,#A9A9A9
Pj55.cns.fa,Pneumocystis_canis_CK.scaffolds.fa,21.3,Pjir,PcanCk1,#A9A9A9
Pj55.cns.fa,Pneumocystis_macacae_NIAID.scaffolds.fa,15.8,Pjir,Pmac,#A9A9A9
Pj55.cns.fa,GCF_000349005.2_Pneumo_murina_B123_V4_genomic.fna,22.4,Pjir,Pmur,#A9A9A9
Pj55.cns.fa,Pj54c.cns.fa,0.2,Pjir,Pjir,#A9A9A9
Pj55.cns.fa,GCF_001477535.1_Pneu_jiro_RU7_V2_genomic.fna,0.2,Pjir,Pjir,#A9A9A9
Pj55.cns.fa,Pmacuc86.cns.fa,16.1,Pjir,Pmac,#A9A9A9
Pj55.cns.fa,PjW.cns.fa,0.3,Pjir,Pjir,#A9A9A9
Pj55.cns.fa,Pmacgl92.cns.fa,16.1,Pjir,Pmac,#A9A9A9
Pj55.cns.fa,Pneumocystis_jirovecii_StrE2178.fasta,0.8,Pjir,Pjir,#A9A9A9
PjW.cns.fa,GCF_001477545.1_Pneu_cari_B80_V3_genomic.fna,22.7,Pjir,Pcar,#A9A9A9
PjW.cns.fa,Pneumocystis_jirovecii_StrE2178.fasta,0.8,Pjir,Pjir,#A9A9A9
PjW.cns.fa,PjW.cns.fa,0,Pjir,Pjir,#A9A9A9
PjW.cns.fa,Pneumocystis_oryctolagi_MERGE.scaffolds.fa,20.6,Pjir,Pory,#A9A9A9
PjW.cns.fa,Pneumocystis_canis_AUS.scaffolds.fa,21.3,Pjir,PcanA,#A9A9A9
PjW.cns.fa,Pneumocystis_wakefieldiae_MERGE.scaffolds.fa,22.9,Pjir,Pwk,#A9A9A9
PjW.cns.fa,Pmacgl92.cns.fa,16.2,Pjir,Pmac,#A9A9A9
PjW.cns.fa,Pneumocystis_canis_CK.scaffolds.fa,21.3,Pjir,PcanCk1,#A9A9A9
PjW.cns.fa,Pmacuc86.cns.fa,16.1,Pjir,Pmac,#A9A9A9
PjW.cns.fa,Pneumocystis_macacae_NIAID.scaffolds.fa,15.8,Pjir,Pmac,#A9A9A9
PjW.cns.fa,PmacCj36.cns.fa,16.6,Pjir,Pmac,#A9A9A9
PjW.cns.fa,Pj_SE8_assembly.fasta,0.2,Pjir,Pjir,#A9A9A9
PjW.cns.fa,PjZ.cns.fa,0.4,Pjir,Pjir,#A9A9A9
PjW.cns.fa,Pj55.cns.fa,0.3,Pjir,Pjir,#A9A9A9
PjW.cns.fa,Pdg_scaffolds.cl6.alterv2_1kremoved_cl1_trim.fasta,20.7,Pjir,PcanCk2,#A9A9A9
PjW.cns.fa,Pj46.cns.fa,0.3,Pjir,Pjir,#A9A9A9
PjW.cns.fa,PmacER17.cns.fa,16,Pjir,Pmac,#A9A9A9
PjW.cns.fa,GCF_001477535.1_Pneu_jiro_RU7_V2_genomic.fna,0.3,Pjir,Pjir,#A9A9A9
PjW.cns.fa,Pj54c.cns.fa,0.3,Pjir,Pjir,#A9A9A9
PjW.cns.fa,GCF_000349005.2_Pneumo_murina_B123_V4_genomic.fna,22.4,Pjir,Pmur,#A9A9A9
PjZ.cns.fa,Pneumocystis_macacae_NIAID.scaffolds.fa,15.8,Pjir,Pmac,#A9A9A9
PjZ.cns.fa,Pdg_scaffolds.cl6.alterv2_1kremoved_cl1_trim.fasta,20.7,Pjir,PcanCk2,#A9A9A9
PjZ.cns.fa,PjZ.cns.fa,0,Pjir,Pjir,#A9A9A9
PjZ.cns.fa,Pj46.cns.fa,0.3,Pjir,Pjir,#A9A9A9
PjZ.cns.fa,PmacER17.cns.fa,16,Pjir,Pmac,#A9A9A9
PjZ.cns.fa,Pmacuc86.cns.fa,16.1,Pjir,Pmac,#A9A9A9
PjZ.cns.fa,GCF_000349005.2_Pneumo_murina_B123_V4_genomic.fna,22.5,Pjir,Pmur,#A9A9A9
PjZ.cns.fa,Pj55.cns.fa,0.3,Pjir,Pjir,#A9A9A9
PjZ.cns.fa,Pneumocystis_canis_AUS.scaffolds.fa,21.3,Pjir,PcanA,#A9A9A9
PjZ.cns.fa,Pj54c.cns.fa,0.3,Pjir,Pjir,#A9A9A9
PjZ.cns.fa,GCF_001477545.1_Pneu_cari_B80_V3_genomic.fna,22.7,Pjir,Pcar,#A9A9A9
PjZ.cns.fa,Pneumocystis_wakefieldiae_MERGE.scaffolds.fa,22.9,Pjir,Pwk,#A9A9A9
PjZ.cns.fa,PmacCj36.cns.fa,16.5,Pjir,Pmac,#A9A9A9
PjZ.cns.fa,Pmacgl92.cns.fa,16.1,Pjir,Pmac,#A9A9A9
PjZ.cns.fa,Pneumocystis_jirovecii_StrE2178.fasta,0.8,Pjir,Pjir,#A9A9A9
PjZ.cns.fa,Pneumocystis_canis_CK.scaffolds.fa,21.3,Pjir,PcanCk1,#A9A9A9
PjZ.cns.fa,Pj_SE8_assembly.fasta,0.3,Pjir,Pjir,#A9A9A9
PjZ.cns.fa,PjW.cns.fa,0.4,Pjir,Pjir,#A9A9A9
PjZ.cns.fa,Pneumocystis_oryctolagi_MERGE.scaffolds.fa,20.6,Pjir,Pory,#A9A9A9
PjZ.cns.fa,GCF_001477535.1_Pneu_jiro_RU7_V2_genomic.fna,0.3,Pjir,Pjir,#A9A9A9
PmacCj36.cns.fa,Pj_SE8_assembly.fasta,15.9,Pmac,Pjir,#A9A9A9
PmacCj36.cns.fa,Pmacgl92.cns.fa,1.1,Pmac,Pmac,#A9A9A9
PmacCj36.cns.fa,Pj55.cns.fa,16.6,Pmac,Pjir,#A9A9A9
PmacCj36.cns.fa,PjZ.cns.fa,16.6,Pmac,Pjir,#A9A9A9
PmacCj36.cns.fa,Pneumocystis_wakefieldiae_MERGE.scaffolds.fa,23.7,Pmac,Pwk,#A9A9A9
PmacCj36.cns.fa,GCF_000349005.2_Pneumo_murina_B123_V4_genomic.fna,23.2,Pmac,Pmur,#A9A9A9
PmacCj36.cns.fa,Pneumocystis_canis_CK.scaffolds.fa,22.2,Pmac,PcanCk1,#A9A9A9
PmacCj36.cns.fa,Pneumocystis_jirovecii_StrE2178.fasta,16.3,Pmac,Pjir,#A9A9A9
PmacCj36.cns.fa,GCF_001477545.1_Pneu_cari_B80_V3_genomic.fna,23.5,Pmac,Pcar,#A9A9A9
PmacCj36.cns.fa,Pdg_scaffolds.cl6.alterv2_1kremoved_cl1_trim.fasta,21.4,Pmac,PcanCk2,#A9A9A9
PmacCj36.cns.fa,Pj54c.cns.fa,16.6,Pmac,Pjir,#A9A9A9
PmacCj36.cns.fa,Pmacuc86.cns.fa,1.4,Pmac,Pmac,#A9A9A9
PmacCj36.cns.fa,PmacER17.cns.fa,1.8,Pmac,Pmac,#A9A9A9
PmacCj36.cns.fa,Pneumocystis_canis_AUS.scaffolds.fa,22.2,Pmac,PcanA,#A9A9A9
PmacCj36.cns.fa,Pneumocystis_oryctolagi_MERGE.scaffolds.fa,21.4,Pmac,Pory,#A9A9A9
PmacCj36.cns.fa,GCF_001477535.1_Pneu_jiro_RU7_V2_genomic.fna,16.6,Pmac,Pjir,#A9A9A9
PmacCj36.cns.fa,Pneumocystis_macacae_NIAID.scaffolds.fa,1.1,Pmac,Pmac,#A9A9A9
PmacCj36.cns.fa,PmacCj36.cns.fa,0,Pmac,Pmac,#A9A9A9
PmacCj36.cns.fa,Pj46.cns.fa,16.6,Pmac,Pjir,#A9A9A9
PmacCj36.cns.fa,PjW.cns.fa,16.6,Pmac,Pjir,#A9A9A9
PmacER17.cns.fa,Pneumocystis_wakefieldiae_MERGE.scaffolds.fa,23.2,Pmac,Pwk,#A9A9A9
PmacER17.cns.fa,Pneumocystis_canis_AUS.scaffolds.fa,21.7,Pmac,PcanA,#A9A9A9
PmacER17.cns.fa,PmacER17.cns.fa,0,Pmac,Pmac,#A9A9A9
PmacER17.cns.fa,PmacCj36.cns.fa,1.8,Pmac,Pmac,#A9A9A9
PmacER17.cns.fa,Pmacgl92.cns.fa,1.5,Pmac,Pmac,#A9A9A9
PmacER17.cns.fa,Pj55.cns.fa,16,Pmac,Pjir,#A9A9A9
PmacER17.cns.fa,Pj46.cns.fa,16,Pmac,Pjir,#A9A9A9
PmacER17.cns.fa,Pneumocystis_jirovecii_StrE2178.fasta,15.7,Pmac,Pjir,#A9A9A9
PmacER17.cns.fa,Pneumocystis_macacae_NIAID.scaffolds.fa,1.1,Pmac,Pmac,#A9A9A9
PmacER17.cns.fa,Pj54c.cns.fa,16.1,Pmac,Pjir,#A9A9A9
PmacER17.cns.fa,GCF_001477535.1_Pneu_jiro_RU7_V2_genomic.fna,16,Pmac,Pjir,#A9A9A9
PmacER17.cns.fa,Pneumocystis_oryctolagi_MERGE.scaffolds.fa,21,Pmac,Pory,#A9A9A9
PmacER17.cns.fa,Pj_SE8_assembly.fasta,15.3,Pmac,Pjir,#A9A9A9
PmacER17.cns.fa,GCF_001477545.1_Pneu_cari_B80_V3_genomic.fna,23,Pmac,Pcar,#A9A9A9
PmacER17.cns.fa,Pdg_scaffolds.cl6.alterv2_1kremoved_cl1_trim.fasta,21,Pmac,PcanCk2,#A9A9A9
PmacER17.cns.fa,GCF_000349005.2_Pneumo_murina_B123_V4_genomic.fna,22.8,Pmac,Pmur,#A9A9A9
PmacER17.cns.fa,PjZ.cns.fa,16,Pmac,Pjir,#A9A9A9
PmacER17.cns.fa,Pneumocystis_canis_CK.scaffolds.fa,21.7,Pmac,PcanCk1,#A9A9A9
PmacER17.cns.fa,Pmacuc86.cns.fa,1.4,Pmac,Pmac,#A9A9A9
PmacER17.cns.fa,PjW.cns.fa,16,Pmac,Pjir,#A9A9A9
Pmacgl92.cns.fa,PjW.cns.fa,16.2,Pmac,Pjir,#A9A9A9
Pmacgl92.cns.fa,Pmacuc86.cns.fa,1.1,Pmac,Pmac,#A9A9A9
Pmacgl92.cns.fa,GCF_000349005.2_Pneumo_murina_B123_V4_genomic.fna,22.9,Pmac,Pmur,#A9A9A9
Pmacgl92.cns.fa,Pdg_scaffolds.cl6.alterv2_1kremoved_cl1_trim.fasta,21.1,Pmac,PcanCk2,#A9A9A9
Pmacgl92.cns.fa,Pneumocystis_canis_AUS.scaffolds.fa,21.8,Pmac,PcanA,#A9A9A9
Pmacgl92.cns.fa,Pneumocystis_macacae_NIAID.scaffolds.fa,0.7,Pmac,Pmac,#A9A9A9
Pmacgl92.cns.fa,Pj55.cns.fa,16.2,Pmac,Pjir,#A9A9A9
Pmacgl92.cns.fa,Pneumocystis_jirovecii_StrE2178.fasta,15.9,Pmac,Pjir,#A9A9A9
Pmacgl92.cns.fa,GCF_001477535.1_Pneu_jiro_RU7_V2_genomic.fna,16.2,Pmac,Pjir,#A9A9A9
Pmacgl92.cns.fa,GCF_001477545.1_Pneu_cari_B80_V3_genomic.fna,23.1,Pmac,Pcar,#A9A9A9
Pmacgl92.cns.fa,Pj54c.cns.fa,16.2,Pmac,Pjir,#A9A9A9
Pmacgl92.cns.fa,Pneumocystis_wakefieldiae_MERGE.scaffolds.fa,23.4,Pmac,Pwk,#A9A9A9
Pmacgl92.cns.fa,Pneumocystis_oryctolagi_MERGE.scaffolds.fa,21.1,Pmac,Pory,#A9A9A9
Pmacgl92.cns.fa,Pj46.cns.fa,16.2,Pmac,Pjir,#A9A9A9
Pmacgl92.cns.fa,Pj_SE8_assembly.fasta,15.4,Pmac,Pjir,#A9A9A9
Pmacgl92.cns.fa,PjZ.cns.fa,16.2,Pmac,Pjir,#A9A9A9
Pmacgl92.cns.fa,PmacER17.cns.fa,1.5,Pmac,Pmac,#A9A9A9
Pmacgl92.cns.fa,Pmacgl92.cns.fa,0,Pmac,Pmac,#A9A9A9
Pmacgl92.cns.fa,PmacCj36.cns.fa,1.1,Pmac,Pmac,#A9A9A9
Pmacgl92.cns.fa,Pneumocystis_canis_CK.scaffolds.fa,21.8,Pmac,PcanCk1,#A9A9A9
Pmacuc86.cns.fa,Pj54c.cns.fa,16.1,Pmac,Pjir,#A9A9A9
Pmacuc86.cns.fa,Pneumocystis_wakefieldiae_MERGE.scaffolds.fa,23.3,Pmac,Pwk,#A9A9A9
Pmacuc86.cns.fa,GCF_000349005.2_Pneumo_murina_B123_V4_genomic.fna,22.8,Pmac,Pmur,#A9A9A9
Pmacuc86.cns.fa,Pneumocystis_canis_CK.scaffolds.fa,21.8,Pmac,PcanCk1,#A9A9A9
Pmacuc86.cns.fa,GCF_001477535.1_Pneu_jiro_RU7_V2_genomic.fna,16.1,Pmac,Pjir,#A9A9A9
Pmacuc86.cns.fa,Pneumocystis_macacae_NIAID.scaffolds.fa,0.6,Pmac,Pmac,#A9A9A9
Pmacuc86.cns.fa,PjZ.cns.fa,16.1,Pmac,Pjir,#A9A9A9
Pmacuc86.cns.fa,Pneumocystis_jirovecii_StrE2178.fasta,15.8,Pmac,Pjir,#A9A9A9
Pmacuc86.cns.fa,PmacCj36.cns.fa,1.4,Pmac,Pmac,#A9A9A9
Pmacuc86.cns.fa,Pmacuc86.cns.fa,0,Pmac,Pmac,#A9A9A9
Pmacuc86.cns.fa,Pj55.cns.fa,16.1,Pmac,Pjir,#A9A9A9
Pmacuc86.cns.fa,Pdg_scaffolds.cl6.alterv2_1kremoved_cl1_trim.fasta,21,Pmac,PcanCk2,#A9A9A9
Pmacuc86.cns.fa,PjW.cns.fa,16.1,Pmac,Pjir,#A9A9A9
Pmacuc86.cns.fa,PmacER17.cns.fa,1.4,Pmac,Pmac,#A9A9A9
Pmacuc86.cns.fa,Pj_SE8_assembly.fasta,15.4,Pmac,Pjir,#A9A9A9
Pmacuc86.cns.fa,Pneumocystis_oryctolagi_MERGE.scaffolds.fa,21.1,Pmac,Pory,#A9A9A9
Pmacuc86.cns.fa,Pmacgl92.cns.fa,1.1,Pmac,Pmac,#A9A9A9
Pmacuc86.cns.fa,Pj46.cns.fa,16.1,Pmac,Pjir,#A9A9A9
Pmacuc86.cns.fa,GCF_001477545.1_Pneu_cari_B80_V3_genomic.fna,23.1,Pmac,Pcar,#A9A9A9
Pmacuc86.cns.fa,Pneumocystis_canis_AUS.scaffolds.fa,21.8,Pmac,PcanA,#A9A9A9
Pneumocystis_canis_AUS.scaffolds.fa,Pj46.cns.fa,21.3,PcanA,Pjir,#A9A9A9
Pneumocystis_canis_AUS.scaffolds.fa,Pneumocystis_macacae_NIAID.scaffolds.fa,21.5,PcanA,Pmac,#A9A9A9
Pneumocystis_canis_AUS.scaffolds.fa,Pmacuc86.cns.fa,21.8,PcanA,Pmac,#A9A9A9
Pneumocystis_canis_AUS.scaffolds.fa,Pneumocystis_canis_AUS.scaffolds.fa,0,PcanA,PcanA,#A9A9A9
Pneumocystis_canis_AUS.scaffolds.fa,Pdg_scaffolds.cl6.alterv2_1kremoved_cl1_trim.fasta,15.8,PcanA,PcanCk2,#A9A9A9
Pneumocystis_canis_AUS.scaffolds.fa,PjZ.cns.fa,21.3,PcanA,Pjir,#A9A9A9
Pneumocystis_canis_AUS.scaffolds.fa,Pj_SE8_assembly.fasta,21.2,PcanA,Pjir,#A9A9A9
Pneumocystis_canis_AUS.scaffolds.fa,GCF_001477545.1_Pneu_cari_B80_V3_genomic.fna,22.6,PcanA,Pcar,#A9A9A9
Pneumocystis_canis_AUS.scaffolds.fa,Pneumocystis_oryctolagi_MERGE.scaffolds.fa,21.6,PcanA,Pory,#A9A9A9
Pneumocystis_canis_AUS.scaffolds.fa,PmacER17.cns.fa,21.7,PcanA,Pmac,#A9A9A9
Pneumocystis_canis_AUS.scaffolds.fa,GCF_001477535.1_Pneu_jiro_RU7_V2_genomic.fna,21.3,PcanA,Pjir,#A9A9A9
Pneumocystis_canis_AUS.scaffolds.fa,Pj54c.cns.fa,21.3,PcanA,Pjir,#A9A9A9
Pneumocystis_canis_AUS.scaffolds.fa,PmacCj36.cns.fa,22.2,PcanA,Pmac,#A9A9A9
Pneumocystis_canis_AUS.scaffolds.fa,Pneumocystis_wakefieldiae_MERGE.scaffolds.fa,22.9,PcanA,Pwk,#A9A9A9
Pneumocystis_canis_AUS.scaffolds.fa,PjW.cns.fa,21.3,PcanA,Pjir,#A9A9A9
Pneumocystis_canis_AUS.scaffolds.fa,Pneumocystis_jirovecii_StrE2178.fasta,21.3,PcanA,Pjir,#A9A9A9
Pneumocystis_canis_AUS.scaffolds.fa,Pneumocystis_canis_CK.scaffolds.fa,1.4,PcanA,PcanCk1,#A9A9A9
Pneumocystis_canis_AUS.scaffolds.fa,Pmacgl92.cns.fa,21.8,PcanA,Pmac,#A9A9A9
Pneumocystis_canis_AUS.scaffolds.fa,GCF_000349005.2_Pneumo_murina_B123_V4_genomic.fna,22.3,PcanA,Pmur,#A9A9A9
Pneumocystis_canis_AUS.scaffolds.fa,Pj55.cns.fa,21.3,PcanA,Pjir,#A9A9A9
Pneumocystis_canis_CK.scaffolds.fa,GCF_000349005.2_Pneumo_murina_B123_V4_genomic.fna,22.3,PcanCk1,Pmur,#A9A9A9
Pneumocystis_canis_CK.scaffolds.fa,Pj54c.cns.fa,21.4,PcanCk1,Pjir,#A9A9A9
Pneumocystis_canis_CK.scaffolds.fa,Pneumocystis_canis_AUS.scaffolds.fa,0.5,PcanCk1,PcanA,#A9A9A9
Pneumocystis_canis_CK.scaffolds.fa,PmacCj36.cns.fa,22.2,PcanCk1,Pmac,#A9A9A9
Pneumocystis_canis_CK.scaffolds.fa,Pneumocystis_canis_CK.scaffolds.fa,0.1,PcanCk1,PcanCk1,#A9A9A9
Pneumocystis_canis_CK.scaffolds.fa,Pj_SE8_assembly.fasta,21.2,PcanCk1,Pjir,#A9A9A9
Pneumocystis_canis_CK.scaffolds.fa,Pj55.cns.fa,21.3,PcanCk1,Pjir,#A9A9A9
Pneumocystis_canis_CK.scaffolds.fa,Pneumocystis_oryctolagi_MERGE.scaffolds.fa,21.6,PcanCk1,Pory,#A9A9A9
Pneumocystis_canis_CK.scaffolds.fa,GCF_001477545.1_Pneu_cari_B80_V3_genomic.fna,22.6,PcanCk1,Pcar,#A9A9A9
Pneumocystis_canis_CK.scaffolds.fa,Pmacuc86.cns.fa,21.8,PcanCk1,Pmac,#A9A9A9
Pneumocystis_canis_CK.scaffolds.fa,GCF_001477535.1_Pneu_jiro_RU7_V2_genomic.fna,21.3,PcanCk1,Pjir,#A9A9A9
Pneumocystis_canis_CK.scaffolds.fa,PjW.cns.fa,21.4,PcanCk1,Pjir,#A9A9A9
Pneumocystis_canis_CK.scaffolds.fa,Pneumocystis_macacae_NIAID.scaffolds.fa,21.5,PcanCk1,Pmac,#A9A9A9
Pneumocystis_canis_CK.scaffolds.fa,PmacER17.cns.fa,21.7,PcanCk1,Pmac,#A9A9A9
Pneumocystis_canis_CK.scaffolds.fa,Pdg_scaffolds.cl6.alterv2_1kremoved_cl1_trim.fasta,15.7,PcanCk1,PcanCk2,#A9A9A9
Pneumocystis_canis_CK.scaffolds.fa,Pneumocystis_wakefieldiae_MERGE.scaffolds.fa,22.9,PcanCk1,Pwk,#A9A9A9
Pneumocystis_canis_CK.scaffolds.fa,PjZ.cns.fa,21.4,PcanCk1,Pjir,#A9A9A9
Pneumocystis_canis_CK.scaffolds.fa,Pmacgl92.cns.fa,21.8,PcanCk1,Pmac,#A9A9A9
Pneumocystis_canis_CK.scaffolds.fa,Pj46.cns.fa,21.4,PcanCk1,Pjir,#A9A9A9
Pneumocystis_canis_CK.scaffolds.fa,Pneumocystis_jirovecii_StrE2178.fasta,21.3,PcanCk1,Pjir,#A9A9A9
Pneumocystis_jirovecii_StrE2178.fasta,PjW.cns.fa,1.2,Pjir,Pjir,#A9A9A9
Pneumocystis_jirovecii_StrE2178.fasta,Pj46.cns.fa,1.2,Pjir,Pjir,#A9A9A9
Pneumocystis_jirovecii_StrE2178.fasta,Pj54c.cns.fa,1.2,Pjir,Pjir,#A9A9A9
Pneumocystis_jirovecii_StrE2178.fasta,Pneumocystis_macacae_NIAID.scaffolds.fa,15.6,Pjir,Pmac,#A9A9A9
Pneumocystis_jirovecii_StrE2178.fasta,Pneumocystis_jirovecii_StrE2178.fasta,0,Pjir,Pjir,#A9A9A9
Pneumocystis_jirovecii_StrE2178.fasta,Pj_SE8_assembly.fasta,0.2,Pjir,Pjir,#A9A9A9
Pneumocystis_jirovecii_StrE2178.fasta,PmacER17.cns.fa,15.9,Pjir,Pmac,#A9A9A9
Pneumocystis_jirovecii_StrE2178.fasta,Pneumocystis_canis_AUS.scaffolds.fa,21.3,Pjir,PcanA,#A9A9A9
Pneumocystis_jirovecii_StrE2178.fasta,PmacCj36.cns.fa,16.4,Pjir,Pmac,#A9A9A9
Pneumocystis_jirovecii_StrE2178.fasta,GCF_001477535.1_Pneu_jiro_RU7_V2_genomic.fna,1.2,Pjir,Pjir,#A9A9A9
Pneumocystis_jirovecii_StrE2178.fasta,Pmacgl92.cns.fa,16,Pjir,Pmac,#A9A9A9
Pneumocystis_jirovecii_StrE2178.fasta,Pneumocystis_oryctolagi_MERGE.scaffolds.fa,20.5,Pjir,Pory,#A9A9A9
Pneumocystis_jirovecii_StrE2178.fasta,Pdg_scaffolds.cl6.alterv2_1kremoved_cl1_trim.fasta,20.7,Pjir,PcanCk2,#A9A9A9
Pneumocystis_jirovecii_StrE2178.fasta,GCF_000349005.2_Pneumo_murina_B123_V4_genomic.fna,22.4,Pjir,Pmur,#A9A9A9
Pneumocystis_jirovecii_StrE2178.fasta,Pj55.cns.fa,1.2,Pjir,Pjir,#A9A9A9
Pneumocystis_jirovecii_StrE2178.fasta,Pneumocystis_wakefieldiae_MERGE.scaffolds.fa,22.9,Pjir,Pwk,#A9A9A9
Pneumocystis_jirovecii_StrE2178.fasta,GCF_001477545.1_Pneu_cari_B80_V3_genomic.fna,22.7,Pjir,Pcar,#A9A9A9
Pneumocystis_jirovecii_StrE2178.fasta,Pmacuc86.cns.fa,15.9,Pjir,Pmac,#A9A9A9
Pneumocystis_jirovecii_StrE2178.fasta,PjZ.cns.fa,1.2,Pjir,Pjir,#A9A9A9
Pneumocystis_jirovecii_StrE2178.fasta,Pneumocystis_canis_CK.scaffolds.fa,21.3,Pjir,PcanCk1,#A9A9A9
Pneumocystis_macacae_NIAID.scaffolds.fa,Pj_SE8_assembly.fasta,15.1,Pmac,Pjir,#A9A9A9
Pneumocystis_macacae_NIAID.scaffolds.fa,Pneumocystis_oryctolagi_MERGE.scaffolds.fa,20.8,Pmac,Pory,#A9A9A9
Pneumocystis_macacae_NIAID.scaffolds.fa,Pj46.cns.fa,15.8,Pmac,Pjir,#A9A9A9
Pneumocystis_macacae_NIAID.scaffolds.fa,Pneumocystis_canis_AUS.scaffolds.fa,21.5,Pmac,PcanA,#A9A9A9
Pneumocystis_macacae_NIAID.scaffolds.fa,Pmacuc86.cns.fa,0.6,Pmac,Pmac,#A9A9A9
Pneumocystis_macacae_NIAID.scaffolds.fa,PmacER17.cns.fa,1.1,Pmac,Pmac,#A9A9A9
Pneumocystis_macacae_NIAID.scaffolds.fa,Pmacgl92.cns.fa,0.7,Pmac,Pmac,#A9A9A9
Pneumocystis_macacae_NIAID.scaffolds.fa,PmacCj36.cns.fa,1.1,Pmac,Pmac,#A9A9A9
Pneumocystis_macacae_NIAID.scaffolds.fa,Pneumocystis_wakefieldiae_MERGE.scaffolds.fa,23.1,Pmac,Pwk,#A9A9A9
Pneumocystis_macacae_NIAID.scaffolds.fa,GCF_001477535.1_Pneu_jiro_RU7_V2_genomic.fna,15.8,Pmac,Pjir,#A9A9A9
Pneumocystis_macacae_NIAID.scaffolds.fa,PjZ.cns.fa,15.8,Pmac,Pjir,#A9A9A9
Pneumocystis_macacae_NIAID.scaffolds.fa,Pj54c.cns.fa,15.8,Pmac,Pjir,#A9A9A9
Pneumocystis_macacae_NIAID.scaffolds.fa,Pj55.cns.fa,15.8,Pmac,Pjir,#A9A9A9
Pneumocystis_macacae_NIAID.scaffolds.fa,Pneumocystis_macacae_NIAID.scaffolds.fa,0,Pmac,Pmac,#A9A9A9
Pneumocystis_macacae_NIAID.scaffolds.fa,GCF_000349005.2_Pneumo_murina_B123_V4_genomic.fna,22.6,Pmac,Pmur,#A9A9A9
Pneumocystis_macacae_NIAID.scaffolds.fa,Pdg_scaffolds.cl6.alterv2_1kremoved_cl1_trim.fasta,20.8,Pmac,PcanCk2,#A9A9A9
Pneumocystis_macacae_NIAID.scaffolds.fa,PjW.cns.fa,15.8,Pmac,Pjir,#A9A9A9
Pneumocystis_macacae_NIAID.scaffolds.fa,Pneumocystis_jirovecii_StrE2178.fasta,15.5,Pmac,Pjir,#A9A9A9
Pneumocystis_macacae_NIAID.scaffolds.fa,GCF_001477545.1_Pneu_cari_B80_V3_genomic.fna,22.9,Pmac,Pcar,#A9A9A9
Pneumocystis_macacae_NIAID.scaffolds.fa,Pneumocystis_canis_CK.scaffolds.fa,21.5,Pmac,PcanCk1,#A9A9A9
Pneumocystis_oryctolagi_MERGE.scaffolds.fa,PmacER17.cns.fa,21,Pory,Pmac,#A9A9A9
Pneumocystis_oryctolagi_MERGE.scaffolds.fa,Pneumocystis_wakefieldiae_MERGE.scaffolds.fa,23.1,Pory,Pwk,#A9A9A9
Pneumocystis_oryctolagi_MERGE.scaffolds.fa,PjW.cns.fa,20.6,Pory,Pjir,#A9A9A9
Pneumocystis_oryctolagi_MERGE.scaffolds.fa,Pneumocystis_canis_AUS.scaffolds.fa,21.7,Pory,PcanA,#A9A9A9
Pneumocystis_oryctolagi_MERGE.scaffolds.fa,Pj55.cns.fa,20.6,Pory,Pjir,#A9A9A9
Pneumocystis_oryctolagi_MERGE.scaffolds.fa,PmacCj36.cns.fa,21.4,Pory,Pmac,#A9A9A9
Pneumocystis_oryctolagi_MERGE.scaffolds.fa,Pj46.cns.fa,20.6,Pory,Pjir,#A9A9A9
Pneumocystis_oryctolagi_MERGE.scaffolds.fa,Pmacuc86.cns.fa,21.1,Pory,Pmac,#A9A9A9
Pneumocystis_oryctolagi_MERGE.scaffolds.fa,Pneumocystis_jirovecii_StrE2178.fasta,20.5,Pory,Pjir,#A9A9A9
Pneumocystis_oryctolagi_MERGE.scaffolds.fa,Pneumocystis_canis_CK.scaffolds.fa,21.6,Pory,PcanCk1,#A9A9A9
Pneumocystis_oryctolagi_MERGE.scaffolds.fa,PjZ.cns.fa,20.6,Pory,Pjir,#A9A9A9
Pneumocystis_oryctolagi_MERGE.scaffolds.fa,Pj54c.cns.fa,20.6,Pory,Pjir,#A9A9A9
Pneumocystis_oryctolagi_MERGE.scaffolds.fa,Pdg_scaffolds.cl6.alterv2_1kremoved_cl1_trim.fasta,20.9,Pory,PcanCk2,#A9A9A9
Pneumocystis_oryctolagi_MERGE.scaffolds.fa,GCF_000349005.2_Pneumo_murina_B123_V4_genomic.fna,22.6,Pory,Pmur,#A9A9A9
Pneumocystis_oryctolagi_MERGE.scaffolds.fa,Pmacgl92.cns.fa,21.1,Pory,Pmac,#A9A9A9
Pneumocystis_oryctolagi_MERGE.scaffolds.fa,Pj_SE8_assembly.fasta,20.4,Pory,Pjir,#A9A9A9
Pneumocystis_oryctolagi_MERGE.scaffolds.fa,Pneumocystis_macacae_NIAID.scaffolds.fa,20.8,Pory,Pmac,#A9A9A9
Pneumocystis_oryctolagi_MERGE.scaffolds.fa,Pneumocystis_oryctolagi_MERGE.scaffolds.fa,0,Pory,Pory,#A9A9A9
Pneumocystis_oryctolagi_MERGE.scaffolds.fa,GCF_001477545.1_Pneu_cari_B80_V3_genomic.fna,22.9,Pory,Pcar,#A9A9A9
Pneumocystis_oryctolagi_MERGE.scaffolds.fa,GCF_001477535.1_Pneu_jiro_RU7_V2_genomic.fna,20.6,Pory,Pjir,#A9A9A9
Pneumocystis_wakefieldiae_MERGE.scaffolds.fa,GCF_001477535.1_Pneu_jiro_RU7_V2_genomic.fna,22.9,Pwk,Pjir,#A9A9A9
Pneumocystis_wakefieldiae_MERGE.scaffolds.fa,PjW.cns.fa,22.9,Pwk,Pjir,#A9A9A9
Pneumocystis_wakefieldiae_MERGE.scaffolds.fa,Pneumocystis_wakefieldiae_MERGE.scaffolds.fa,0,Pwk,Pwk,#A9A9A9
Pneumocystis_wakefieldiae_MERGE.scaffolds.fa,Pneumocystis_jirovecii_StrE2178.fasta,22.8,Pwk,Pjir,#A9A9A9
Pneumocystis_wakefieldiae_MERGE.scaffolds.fa,Pneumocystis_canis_CK.scaffolds.fa,22.9,Pwk,PcanCk1,#A9A9A9
Pneumocystis_wakefieldiae_MERGE.scaffolds.fa,PmacER17.cns.fa,23.2,Pwk,Pmac,#A9A9A9
Pneumocystis_wakefieldiae_MERGE.scaffolds.fa,Pneumocystis_canis_AUS.scaffolds.fa,22.9,Pwk,PcanA,#A9A9A9
Pneumocystis_wakefieldiae_MERGE.scaffolds.fa,Pj54c.cns.fa,22.9,Pwk,Pjir,#A9A9A9
Pneumocystis_wakefieldiae_MERGE.scaffolds.fa,Pj_SE8_assembly.fasta,22.8,Pwk,Pjir,#A9A9A9
Pneumocystis_wakefieldiae_MERGE.scaffolds.fa,PmacCj36.cns.fa,23.7,Pwk,Pmac,#A9A9A9
Pneumocystis_wakefieldiae_MERGE.scaffolds.fa,Pdg_scaffolds.cl6.alterv2_1kremoved_cl1_trim.fasta,21.3,Pwk,PcanCk2,#A9A9A9
Pneumocystis_wakefieldiae_MERGE.scaffolds.fa,PjZ.cns.fa,22.9,Pwk,Pjir,#A9A9A9
Pneumocystis_wakefieldiae_MERGE.scaffolds.fa,Pj46.cns.fa,22.9,Pwk,Pjir,#A9A9A9
Pneumocystis_wakefieldiae_MERGE.scaffolds.fa,Pj55.cns.fa,22.9,Pwk,Pjir,#A9A9A9
Pneumocystis_wakefieldiae_MERGE.scaffolds.fa,Pneumocystis_macacae_NIAID.scaffolds.fa,23.1,Pwk,Pmac,#A9A9A9
Pneumocystis_wakefieldiae_MERGE.scaffolds.fa,Pmacuc86.cns.fa,23.3,Pwk,Pmac,#A9A9A9
Pneumocystis_wakefieldiae_MERGE.scaffolds.fa,Pmacgl92.cns.fa,23.4,Pwk,Pmac,#A9A9A9
Pneumocystis_wakefieldiae_MERGE.scaffolds.fa,GCF_001477545.1_Pneu_cari_B80_V3_genomic.fna,14.9,Pwk,Pcar,#A9A9A9
Pneumocystis_wakefieldiae_MERGE.scaffolds.fa,GCF_000349005.2_Pneumo_murina_B123_V4_genomic.fna,12,Pwk,Pmur,#A9A9A9
Pneumocystis_wakefieldiae_MERGE.scaffolds.fa,Pneumocystis_oryctolagi_MERGE.scaffolds.fa,23.1,Pwk,Pory,#A9A9A9